{
  "metadata" : {
    "browser_name" : "Safari",
    "browser_version" : "26.2",
    "data_type" : "payment_cards",
    "export_time_usec" : 1766050994670795,
    "schema_version" : 1
  },
  "payment_cards" : [
    {
      "card_number" : "4779251087305470",
      "card_name" : "VISA - virtual",
      "cardholder_name" : "Maciej Szewczyk",
      "card_expiration_month" : 11,
      "card_expiration_year" : 2025,
      "card_last_used_time_usec" : 1734913850411943
    },
    {
      "card_number" : "4246710137228318",
      "card_name" : "Visa",
      "card_last_used_time_usec" : 1714464161179971
    },
    {
      "card_number" : "5472670107591883",
      "card_name" : "MasterCard",
      "card_expiration_month" : 1,
      "card_expiration_year" : 2022,
      "card_last_used_time_usec" : 1556032656569996.8
    }
  ]
}