{"userId":"aUuMpWOm7nJRsPMfwR352EwBQ75yxeOocZu0ti1cxaHxIGdXPhWhHOHoOpK5EjJTuXEh62qaV9VqsBcQ2P8cWQ==","vaults":{"7IcOsF1rbEeTUKC3Vi1TTG1qUP8x7SE4Rqluxd6oA8nUCV9slPzWOCRGdIh2wmnZBppfUzvqgGrGp7lgY7HhbA==":{"name":"Personal","description":"Personal vault (created from Mail)","display":{"color":0,"icon":0},"items":[{"itemId":"dX-NmefF-zrn5o2cgSgLA0kLmYVPeFj8sGn-PqcHq3e2ZETiE6Ml9LBvFeOIQoaHvf3PvIIQRVtnD1djLFpB6Q==","shareId":"7IcOsF1rbEeTUKC3Vi1TTG1qUP8x7SE4Rqluxd6oA8nUCV9slPzWOCRGdIh2wmnZBppfUzvqgGrGp7lgY7HhbA==","data":{"metadata":{"name":"wellcome-home.com","note":"","itemUuid":"A9FC86AD-ADE6-4388-B431-677492F8FF2C"},"extraFields":[],"platformSpecific":{"android":{"allowedApps":[]}},"type":"login","content":{"itemEmail":"","password":"Washout2-Professor5-Antibody1-Lustfully9-Barrel5","urls":["https://wellcome-home.com"],"totpUri":"","passkeys":[],"itemUsername":"mark"}},"state":1,"aliasEmail":null,"contentFormatVersion":6,"createTime":1740854486,"modifyTime":1740854486,"pinned":false,"shareCount":0,"files":[]},{"itemId":"FfxDwAQj3C3fGGvubjeOD4kbs4U29FSTph0sU-TrmoirNj6BXCYDzOUc0m2T3SqeUFa8TH3jFFt_3jpwqLfT6Q==","shareId":"7IcOsF1rbEeTUKC3Vi1TTG1qUP8x7SE4Rqluxd6oA8nUCV9slPzWOCRGdIh2wmnZBppfUzvqgGrGp7lgY7HhbA==","data":{"metadata":{"name":"Karta 1238","note":"Note to card","itemUuid":"c7a2ffc2"},"extraFields":[],"type":"creditCard","content":{"cardholderName":"Simon H Bron","cardType":0,"number":"1234123413241238","verificationNumber":"810","expirationDate":"2030-10","pin":"111111"}},"state":1,"aliasEmail":null,"contentFormatVersion":7,"createTime":1764445742,"modifyTime":1764445742,"pinned":false,"shareCount":0,"files":[]},{"itemId":"zGMqtfTmm_jQM83M74s9DASh9cUjfz--8gQebWsCsi-Jp6OP_eVZ0nK7bVt0eWcvfmO6LbOV03C1iLuRfCebrA==","shareId":"7IcOsF1rbEeTUKC3Vi1TTG1qUP8x7SE4Rqluxd6oA8nUCV9slPzWOCRGdIh2wmnZBppfUzvqgGrGp7lgY7HhbA==","data":{"metadata":{"name":"Przykład tytuł Login","note":"Notatka do login","itemUuid":"B995B8BB-4427-489D-B49F-711C2AE45F95"},"extraFields":[],"platformSpecific":{"android":{"allowedApps":[]}},"type":"login","content":{"itemEmail":"simon@kac.vegas","password":"Tarnish9-Green2-Scanner8-Unretired9-Operable7","urls":["https://onet.com"],"totpUri":"","passkeys":[],"itemUsername":""}},"state":1,"aliasEmail":null,"contentFormatVersion":7,"createTime":1766050424,"modifyTime":1766050424,"pinned":false,"shareCount":0,"files":[]},{"itemId":"EY_TU2LubgICNEK3yYM-9w3D-_jDV6PxRdO-5ochKExJ9BddrGO-9LllDmYL4Y4tra_FK9F2awqKs3u-9qnzkw==","shareId":"7IcOsF1rbEeTUKC3Vi1TTG1qUP8x7SE4Rqluxd6oA8nUCV9slPzWOCRGdIh2wmnZBppfUzvqgGrGp7lgY7HhbA==","data":{"metadata":{"name":"Sekure Notę ","note":"Trudny język Polski język jest być ","itemUuid":"334B26DC-88BF-43C3-BC77-921E1928A39E"},"extraFields":[],"type":"note","content":{}},"state":1,"aliasEmail":null,"contentFormatVersion":7,"createTime":1766050464,"modifyTime":1766050464,"pinned":false,"shareCount":0,"files":[]},{"itemId":"y1aBqFUnbCX6NeVWGqKUHXhQDh6cyFU_Hl2nM__0v-NJuEC8yS2DhWmu2JnqRV6GaFfmDeMWZh2rEZAYTeePrg==","shareId":"7IcOsF1rbEeTUKC3Vi1TTG1qUP8x7SE4Rqluxd6oA8nUCV9slPzWOCRGdIh2wmnZBppfUzvqgGrGp7lgY7HhbA==","data":{"metadata":{"name":"Karta 2","note":" Ktoś do karty dopisał notatkę","itemUuid":"E685A604-313F-404F-BEB6-E5C7B59AEDFB"},"extraFields":[],"type":"creditCard","content":{"cardholderName":"Marek Hodler","cardType":0,"number":"1234514545151848","verificationNumber":"555","expirationDate":"2018-12","pin":"1234"}},"state":1,"aliasEmail":null,"contentFormatVersion":7,"createTime":1766050510,"modifyTime":1766050527,"pinned":false,"shareCount":0,"files":[]},{"itemId":"WC-jHkAFPsLOZ1tBdD7ZE5l4pC7OCJq8UZKJ1bcWm6vVAt-1elro_dCUQbalCgoXjDr9dV7UkstiF3S5PY8rHw==","shareId":"7IcOsF1rbEeTUKC3Vi1TTG1qUP8x7SE4Rqluxd6oA8nUCV9slPzWOCRGdIh2wmnZBppfUzvqgGrGp7lgY7HhbA==","data":{"metadata":{"name":"Paszport z Israela","note":"","itemUuid":"37C97B6C-6A80-481A-9C96-D41A9566599A"},"extraFields":[],"type":"identity","content":{"fullName":"Jan Goldstein","email":"jan@goldstein.com","phoneNumber":"5642534141","firstName":"","middleName":"","lastName":"","birthdate":"","gender":"","extraPersonalDetails":[],"organization":"Nso","streetAddress":"Ani Okresu Ani Adresu","zipOrPostalCode":"112112","city":"Miasto W Izraelu","stateOrProvince":"Stan Wyjatkowy","countryOrRegion":"Israel","floor":"","county":"","extraAddressDetails":[],"socialSecurityNumber":"SOCIAL NUMBER TUTAJ","passportNumber":"NR PASZPORTU","licenseNumber":"NR LICENCJI ","website":"storna www! po cholere nie wiem","xHandle":"adrss do twitera","secondPhoneNumber":"451245124812","linkedin":"","reddit":"","facebook":"","yahoo":"","instagram":"","extraContactDetails":[],"company":"","jobTitle":"","personalWebsite":"","workPhoneNumber":"","workEmail":"","extraWorkDetails":[],"extraSections":[]}},"state":1,"aliasEmail":null,"contentFormatVersion":7,"createTime":1766050681,"modifyTime":1766050681,"pinned":false,"shareCount":0,"files":[]},{"itemId":"9m5qtZmU2-CSpLfb3_e2Q_3p_C1TU2fxo0Lqb7Oj7WZKXeggrhaVHDFrDRQChWwvHyeZhVVKsdzgZS7ZT3n4yA==","shareId":"7IcOsF1rbEeTUKC3Vi1TTG1qUP8x7SE4Rqluxd6oA8nUCV9slPzWOCRGdIh2wmnZBppfUzvqgGrGp7lgY7HhbA==","data":{"metadata":{"name":"API tytuł","note":"Notatka","itemUuid":"384592F3-6506-4434-8C6B-5CB723EC385E"},"extraFields":[{"fieldName":"API key","type":"hidden","data":{"content":"Klucz do api"}},{"fieldName":"Secret","type":"hidden","data":{"content":"Sekretny klucz"}},{"fieldName":"Expiry date","type":"timestamp","data":{"timestamp":"2025-12-18"}},{"fieldName":"Permissions","type":"text","data":{"content":"Permission jakiś "}}],"type":"custom","content":{"sections":[]}},"state":1,"aliasEmail":null,"contentFormatVersion":7,"createTime":1766050739,"modifyTime":1766050739,"pinned":false,"shareCount":0,"files":[]},{"itemId":"IcXzWoJe0F6FRpBLR4nvrd7zugmMeZ8gtBY1KO3eG1pJqpl0hzYycjyVTqHp7n1iorfOr4ucuFIDzCO0heHVJw==","shareId":"7IcOsF1rbEeTUKC3Vi1TTG1qUP8x7SE4Rqluxd6oA8nUCV9slPzWOCRGdIh2wmnZBppfUzvqgGrGp7lgY7HhbA==","data":{"metadata":{"name":"Baza danych tytuł","note":"Notatka ","itemUuid":"89E61122-F1FC-4BF7-A713-95D79FEF9780"},"extraFields":[{"fieldName":"Host","type":"text","data":{"content":"Host"}},{"fieldName":"Port","type":"text","data":{"content":"2222"}},{"fieldName":"Username","type":"text","data":{"content":"Mój user"}},{"fieldName":"Password","type":"hidden","data":{"content":"Hasało "}},{"fieldName":"Database type","type":"text","data":{"content":"Typ bazy piszą "}}],"type":"custom","content":{"sections":[]}},"state":1,"aliasEmail":null,"contentFormatVersion":7,"createTime":1766050795,"modifyTime":1766050795,"pinned":false,"shareCount":0,"files":[]},{"itemId":"MiYKy7myIOKHW7-x4vXITaqtEKPGYXa9P7TtuS1PNneAavfCTeSvN_SzjjXCMFXeqJKyQSHsZGkkGGMmEWYrDg==","shareId":"7IcOsF1rbEeTUKC3Vi1TTG1qUP8x7SE4Rqluxd6oA8nUCV9slPzWOCRGdIh2wmnZBppfUzvqgGrGp7lgY7HhbA==","data":{"metadata":{"name":"Tytuł serwer","note":"Notę ","itemUuid":"2A2433AA-E8D6-47A5-8BDF-0F5747AF2B8E"},"extraFields":[{"fieldName":"IP address","type":"text","data":{"content":"231.12.11.123"}},{"fieldName":"Hostname","type":"text","data":{"content":"Host name tutaj "}},{"fieldName":"OS","type":"text","data":{"content":"Os jakiś "}},{"fieldName":"Username","type":"text","data":{"content":"Simon"}},{"fieldName":"Password","type":"hidden","data":{"content":"Hasło "}}],"type":"custom","content":{"sections":[]}},"state":1,"aliasEmail":null,"contentFormatVersion":7,"createTime":1766050852,"modifyTime":1766050852,"pinned":false,"shareCount":0,"files":[]},{"itemId":"5Am-Cz2U1quIRNybE9RLfJuCP3NRFI7J1_KFM0F27nsBaH0iMqQ_plaEcL4o8n5IEC8KL_dbQsEQyDF88InZKw==","shareId":"7IcOsF1rbEeTUKC3Vi1TTG1qUP8x7SE4Rqluxd6oA8nUCV9slPzWOCRGdIh2wmnZBppfUzvqgGrGp7lgY7HhbA==","data":{"metadata":{"name":"Licencja softu ","note":"Notę ","itemUuid":"3752E707-AE6A-47E8-97DE-CDA4B5281F1E"},"extraFields":[{"fieldName":"License key","type":"hidden","data":{"content":"Klucz lic"}},{"fieldName":"Product","type":"text","data":{"content":"Nazwa"}},{"fieldName":"Expiry date","type":"timestamp","data":{"timestamp":"2025-12-18"}},{"fieldName":"Owner","type":"text","data":{"content":"Ktoś"}}],"type":"custom","content":{"sections":[]}},"state":1,"aliasEmail":null,"contentFormatVersion":7,"createTime":1766050886,"modifyTime":1766050886,"pinned":false,"shareCount":0,"files":[]},{"itemId":"DDoKHuJTj2NQ15AhVpFWxXo5ZbtMwZ3a0KEwQClNjuhdfNVdTGczzY7CDEgJdpjUnUu5NYusQ2mefzETwq3R7A==","shareId":"7IcOsF1rbEeTUKC3Vi1TTG1qUP8x7SE4Rqluxd6oA8nUCV9slPzWOCRGdIh2wmnZBppfUzvqgGrGp7lgY7HhbA==","data":{"metadata":{"name":"Klucz ssh","note":"Notę jak zwykle ","itemUuid":"547B47AD-7D8F-41B6-B11A-E861E7E1BA33"},"extraFields":[{"fieldName":"Username","type":"text","data":{"content":"Simon "}},{"fieldName":"Host","type":"text","data":{"content":"Host"}},{"fieldName":"Note","type":"text","data":{"content":"Notka w środku"}}],"type":"sshKey","content":{"privateKey":"prywatny ","publicKey":"fdzjxjdj public","sections":[]}},"state":1,"aliasEmail":null,"contentFormatVersion":7,"createTime":1766050941,"modifyTime":1766050941,"pinned":false,"shareCount":0,"files":[]},{"itemId":"9sAJfI8xUG8luPq7HNjXNZTKuMpeCqvqEIfnT_dRr75vpgrSQlb9c27CLmujH690rKkFXGesXLc_cQycEP4rQA==","shareId":"7IcOsF1rbEeTUKC3Vi1TTG1qUP8x7SE4Rqluxd6oA8nUCV9slPzWOCRGdIh2wmnZBppfUzvqgGrGp7lgY7HhbA==","data":{"metadata":{"name":"Moje WiFi ","note":"Ta normalna ","itemUuid":"CBBC33BA-E00C-4DDD-9A8B-DA82F2F0E7D1"},"extraFields":[{"fieldName":"Note","type":"text","data":{"content":"Notka "}}],"type":"wifi","content":{"ssid":"defcon","password":"haslo111","security":3,"sections":[]}},"state":1,"aliasEmail":null,"contentFormatVersion":7,"createTime":1766050974,"modifyTime":1766050974,"pinned":false,"shareCount":0,"files":[]},{"itemId":"aVUMgyuRGWbWOquF2Se-aHOdpisjv9rTgJLKj2EdDqYPU6EPJnxDHyQRDGrDrdmE0ruczlsntZ1jII_Dy9zYmw==","shareId":"7IcOsF1rbEeTUKC3Vi1TTG1qUP8x7SE4Rqluxd6oA8nUCV9slPzWOCRGdIh2wmnZBppfUzvqgGrGp7lgY7HhbA==","data":{"metadata":{"name":"Social Security no","note":"Notę ","itemUuid":"7EEEF6C7-C8DE-47AE-B22B-D13942C713A5"},"extraFields":[{"fieldName":"Full name","type":"text","data":{"content":"Imię"}},{"fieldName":"Social security number","type":"hidden","data":{"content":"222122211"}},{"fieldName":"Issuing country","type":"text","data":{"content":"Srael I"}}],"type":"custom","content":{"sections":[]}},"state":1,"aliasEmail":null,"contentFormatVersion":7,"createTime":1766051172,"modifyTime":1766051172,"pinned":false,"shareCount":0,"files":[]},{"itemId":"2DNE3DtOPLSdv6OHmprBkIH-nShEEsPnI9k2Th-1fFdGDg3VEBvCqO2K0klGE-o5x70R-lHjaSofNWJNxbimMg==","shareId":"7IcOsF1rbEeTUKC3Vi1TTG1qUP8x7SE4Rqluxd6oA8nUCV9slPzWOCRGdIh2wmnZBppfUzvqgGrGp7lgY7HhbA==","data":{"metadata":{"name":"Prawo jazdy","note":"","itemUuid":"4BF2E47A-DDBC-4772-9A32-3E73EC62DD7C"},"extraFields":[{"fieldName":"Full name","type":"text","data":{"content":"ArekM"}},{"fieldName":"License number","type":"text","data":{"content":"321234322"}},{"fieldName":"Issuing State/Country","type":"text","data":{"content":"SraelI"}},{"fieldName":"Expiry date","type":"timestamp","data":{"timestamp":"2025-12-18"}},{"fieldName":"Date of Birth","type":"timestamp","data":{"timestamp":"2025-12-18"}},{"fieldName":"Class","type":"text","data":{"content":""}}],"type":"custom","content":{"sections":[]}},"state":1,"aliasEmail":null,"contentFormatVersion":7,"createTime":1766051232,"modifyTime":1766051232,"pinned":false,"shareCount":0,"files":[]},{"itemId":"jM0hgAGdrAthoXJcc9kvdD4HLB4lNECQmMWxT2suVYgQYG4i4AUH5vJ1lUdoBpj46W4VtobMYdatZL3Rj6yvOA==","shareId":"7IcOsF1rbEeTUKC3Vi1TTG1qUP8x7SE4Rqluxd6oA8nUCV9slPzWOCRGdIh2wmnZBppfUzvqgGrGp7lgY7HhbA==","data":{"metadata":{"name":"Medical wpis","note":"Notę ","itemUuid":"1BB36057-86A7-49F5-B754-430F03322E76"},"extraFields":[{"fieldName":"Patient name","type":"text","data":{"content":"Pacjent"}},{"fieldName":"Record number","type":"hidden","data":{"content":"Numer "}},{"fieldName":"Medical conditions","type":"hidden","data":{"content":"Kondycja "}},{"fieldName":"Medications","type":"hidden","data":{"content":"Leki"}},{"fieldName":"Doctor","type":"text","data":{"content":"Kundel"}},{"fieldName":"Hospital","type":"text","data":{"content":"Kościuszki"}}],"type":"custom","content":{"sections":[]}},"state":1,"aliasEmail":null,"contentFormatVersion":7,"createTime":1766051934,"modifyTime":1766051934,"pinned":false,"shareCount":0,"files":[]},{"itemId":"B99Ti9piIbTsBpyf6oDh-wu878_KpsB1Y6lbJGPVqZvSjQhEEusKWU7EQ3KESDEiBEeAgLuJ5-KzHFSfwlAbag==","shareId":"7IcOsF1rbEeTUKC3Vi1TTG1qUP8x7SE4Rqluxd6oA8nUCV9slPzWOCRGdIh2wmnZBppfUzvqgGrGp7lgY7HhbA==","data":{"metadata":{"name":"Member tytuł ","note":"","itemUuid":"B45C226A-12CC-4A69-9D74-19F36C6039FA"},"extraFields":[{"fieldName":"Organization name","type":"text","data":{"content":"Siłownia"}},{"fieldName":"Membership ID","type":"text","data":{"content":"2344432"}},{"fieldName":"Member name","type":"text","data":{"content":"Full"}},{"fieldName":"Expiry date","type":"timestamp","data":{"timestamp":"2025-12-18"}},{"fieldName":"Tier/Level","type":"text","data":{"content":"1"}}],"type":"custom","content":{"sections":[]}},"state":1,"aliasEmail":null,"contentFormatVersion":7,"createTime":1766051980,"modifyTime":1766051980,"pinned":false,"shareCount":0,"files":[]},{"itemId":"Q7vB0jWHnI4JUuY7HRzZ8EU9NrBFnVs4H0oFBqSjiGWWnkrFae0Kd6jF10DKUGaNDL4pskUqn046JNiVEizu2A==","shareId":"7IcOsF1rbEeTUKC3Vi1TTG1qUP8x7SE4Rqluxd6oA8nUCV9slPzWOCRGdIh2wmnZBppfUzvqgGrGp7lgY7HhbA==","data":{"metadata":{"name":"Paszport tytuł","note":"","itemUuid":"1B93902F-7B23-4506-94C6-6C439166F574"},"extraFields":[{"fieldName":"Full name","type":"text","data":{"content":"Nazwa"}},{"fieldName":"Passport number","type":"hidden","data":{"content":"SA123311233"}},{"fieldName":"Country","type":"text","data":{"content":"SrElI"}},{"fieldName":"Expiry date","type":"timestamp","data":{"timestamp":"2025-12-18"}},{"fieldName":"Date of Birth","type":"timestamp","data":{"timestamp":"2025-12-18"}},{"fieldName":"Issuing authority","type":"text","data":{"content":"OjoJ"}}],"type":"custom","content":{"sections":[]}},"state":1,"aliasEmail":null,"contentFormatVersion":7,"createTime":1766052021,"modifyTime":1766052021,"pinned":false,"shareCount":0,"files":[]}]}},"version":"1.33.2"}